coup,gdppercap,gdpgrowth,urbanpop,none,revmagfight,gendeathmag,ethmagfatal,revmagfatal,eth,ethmagfight,rev,gen,polity2,durable,yip,ethnic,linguistic,religious
0,3974.85830966,4.14848721591,44.5033203125,0.675071022727,0.408025568182,0.145951704545,0.354048295455,0.233309659091,0.217329545455,0.622514204545,0.131036931818,0.0625,0.1171875,17.6203835227,7.52698863636,0.511280149148,0.458907137784,0.414178338068
1,1389.01111111,1.36194444444,31.6966111111,0.422222222222,0.722222222222,0.513888888889,0.622222222222,0.455555555556,0.355555555556,1.01666666667,0.233333333333,0.188888888889,-3.48333333333,8.83888888889,6.18333333333,0.588907777778,0.582316111111,0.422165
